name	latitude	longitude	population
Shanghai	31.22222	121.45806	22315474
Buenos Aires	-34.61315	-58.37723	13076300
Mumbai	19.07283	72.88261	12691836
Mexico City	19.42847	-99.12766	12294193
Beijing	39.9075	116.39723	11716620
Karachi	24.9056	67.0822	11624219
Istanbul	41.01384	28.94966	11174257
Tianjin	39.14222	117.17667	11090314
Guangzhou	23.11667	113.25	11071424
Delhi	28.65381	77.22897	10927986
Manila	14.6042	120.9822	10444527
Moscow	55.75222	37.61556	10381222
Shenzhen	22.54554	114.0683	10358381
Dhaka	23.7104	90.40744	10356500
Seoul	37.566	126.9784	10349312
São Paulo	-23.5475	-46.63611	10021295
Wuhan	30.58333	114.26667	9785388
Lagos	6.45407	3.39467	9000000
Jakarta	-6.21462	106.84513	8540121
Tokyo	35.6895	139.69171	8336599
New York City	40.71427	-74.00597	8175133
Dongguan	23.04889	113.74472	8000000
Taipei	25.04776	121.53185	7871900
Kinshasa	-4.32758	15.31357	7785965
Lima	-12.04318	-77.02824	7737002
Cairo	30.06263	31.24967	7734614
Bogotá	4.60971	-74.08175	7674366
London	51.50853	-0.12574	7556900
City of London	51.51279	-0.09184	7556900
Chongqing	29.56278	106.55278	7457600
Chengdu	30.66667	104.06667	7415590
Nanjing	32.06167	118.77778	7165292
Tehran	35.69439	51.42151	7153309
Nanchong	30.79508	106.08473	7150000
Hong Kong	22.28552	114.15769	7012738
Xi’an	34.25833	108.92861	6501190
Lahore	31.54972	74.34361	6310888
Shenyang	41.79222	123.43278	6255921
Hangzhou	30.29365	120.16142	6241971
Rio de Janeiro	-22.90278	-43.2075	6023699
Harbin	45.75	126.65	5878939
Baghdad	33.34058	44.40088	5672513
Tai’an	36.18528	117.12	5499000
Suzhou	31.30408	120.59538	5345961
Shantou	23.36814	116.71479	5329024
Bangkok	13.75398	100.50144	5104476
Bangalore	12.97194	77.59369	5104047
Saint Petersburg	59.93863	30.31413	5028000
Santiago	-33.45694	-70.64827	4837295
Kolkata	22.56263	88.36304	4631392
Sydney	-33.86785	151.20732	4627345
Yangon	16.80528	96.15611	4477638
Jinan	36.66833	116.99722	4335989
Chennai	13.08784	80.27847	4328063
Zhengzhou	34.75778	113.64861	4253913
Melbourne	-37.814	144.96332	4246375
Riyadh	24.68773	46.72185	4205961
Changchun	43.88	125.32278	4193073
Dalian	38.91222	121.60222	4087733
Chittagong	22.3384	91.83168	3920222
Kunming	25.03889	102.71833	3855346
Alexandria	31.21564	29.95527	3811516
Los Angeles	34.05223	-118.24368	3792621
Ahmedabad	23.02579	72.58727	3719710
Qingdao	36.06605	120.36939	3718835
Busan	35.10278	129.04028	3678555
Abidjan	5.30966	-4.01266	3677115
Kano	12.00012	8.51672	3626068
Foshan	23.02677	113.13148	3600000
Hyderabad	17.38405	78.45636	3597816
Puyang	29.45679	119.88872	3590000
Yokohama	35.44778	139.6425	3574443
Ibadan	7.37756	3.90591	3565108
Singapore	1.28967	103.85007	3547809
Wuxi	31.56887	120.28857	3543719
Xiamen	24.47979	118.08187	3531347
Ankara	39.91987	32.85427	3517182
Tianshui	34.57952	105.74238	3500000
Ningbo	29.87819	121.54945	3491597
Ho Chi Minh City	10.82302	106.62965	3467331
Shiyan	32.6475	110.77806	3460000
Cape Town	-33.92584	18.42322	3433441
Taiyuan	37.86944	112.56028	3426519
Berlin	52.52437	13.41053	3426354
Tangshan	39.63333	118.18333	3372102
Hefei	31.86389	117.28083	3310268
Montréal	45.50884	-73.58781	3268513
Madrid	40.4165	-3.70256	3255944
Pyongyang	39.03385	125.75432	3222000
Casablanca	33.58831	-7.61138	3144909
Zibo	36.79056	118.06333	3129228
Zhongshan	21.31992	110.5723	3121275
Durban	-29.8579	31.0292	3120282
Changsha	28.19874	112.97087	3093980
Kabul	34.52813	69.17233	3043532
Ürümqi	43.80096	87.60046	3029372
Caracas	10.48801	-66.87919	3000000
Pune	18.51957	73.85535	2935744
Surat	21.19594	72.83023	2894504
Jeddah	21.54238	39.19797	2867446
Shijiazhuang	38.04139	114.47861	2834942
Kanpur	26.4478	80.34627	2823249
Kiev	50.45466	30.5238	2797553
Luanda	-8.83682	13.23432	2776168
Quezon City	14.6488	121.0509	2761720
Addis Ababa	9.02497	38.74689	2757729
Nairobi	-1.28333	36.81667	2750547
Salvador	-12.97111	-38.51083	2711840
Jaipur	26.91962	75.78781	2711758
Dar es Salaam	-6.82349	39.26951	2698652
Chicago	41.85003	-87.65005	2695598
Lanzhou	36.05701	103.83987	2628426
Incheon	37.45646	126.70515	2628000
Yunfu	22.92833	112.03954	2612800
Toronto	43.70011	-79.4163	2600000
Al Basrah	30.53302	47.79747	2600000
Navi Mumbai	19.03681	73.01582	2600000
Osaka-shi	34.69374	135.50218	2592413
Mogadishu	2.03711	45.34375	2587183
Daegu	35.87028	128.59111	2566540
Faisalabad	31.41667	73.08333	2506595
Izmir	38.41273	27.13838	2500603
Dakar	14.6937	-17.44406	2476400
Lucknow	26.83928	80.92313	2472011
Al Jizah	30.00808	31.21093	2443203
Fortaleza	-3.71722	-38.54306	2400000
Cali	3.43722	-76.5225	2392877
Surabaya	-7.24917	112.75083	2374658
Belo Horizonte	-19.92083	-43.93778	2373224
Nanchang	28.68333	115.88333	2357839
Grand Dakar	14.71331	-17.45472	2352057
Rome	41.89193	12.51133	2318895
Mashhad	36.31559	59.56796	2307177
Brooklyn	40.6501	-73.94958	2300664
Borough of Queens	40.68149	-73.83652	2272771
Nagpur	21.14631	79.08491	2228018
Maracaibo	10.63167	-71.64056	2225000
Brasília	-15.77972	-47.92972	2207718
Santo Domingo	18.50012	-69.98857	2201941
Nagoya-shi	35.18147	136.90641	2191279
Brisbane	-27.46794	153.02809	2189878
Havana	23.13302	-82.38304	2163824
Paris	48.85341	2.3488	2138551
Houston	29.76328	-95.36327	2099451
Al Mawsil al Jadidah	36.33306	43.1049	2065597
Johannesburg	-26.20227	28.04363	2026469
Kowloon	22.31667	114.18333	2019533
Al Basrah al Qadimah	30.50316	47.81507	2015483
Almaty	43.25654	76.92848	2000900
Medellín	6.25184	-75.56359	1999979
Tashkent	41.26465	69.21627	1978028
Algiers	36.7525	3.04197	1977663
Khartoum	15.55177	32.53241	1974647
Accra	5.55602	-0.1969	1963264
Guayaquil	-2.20584	-79.90795	1952029
Ordos	39.6086	109.78157	1940653
Sanaa	15.35472	44.20667	1937451
Beirut	33.88894	35.49442	1916100
Perth	-31.95224	115.8614	1896548
Sapporo	43.06417	141.34695	1883027
Jilin	43.85083	126.56028	1881977
Bucharest	44.43225	26.10626	1877155
Camayenne	9.535	-13.68778	1871242
Vancouver	49.24966	-123.11934	1837969
Indore	22.71792	75.8333	1837041
Iztapalapa	19.35738	-99.0671	1820888
Ecatepec	19.61725	-99.06601	1806226
Conakry	9.53795	-13.67729	1767200
Maracay	10.24694	-67.59583	1754256
Medan	3.58333	98.66667	1750971
Rawalpindi	33.6007	73.0679	1743101
Minsk	53.9	27.56667	1742124
Budapest	47.49801	19.03991	1741041
Mosul	36.335	43.11889	1739800
Hamburg	53.57532	10.01534	1739117
Curitiba	-25.42778	-49.27306	1718421
Warsaw	52.22977	21.01178	1702139
Bandung	-6.90389	107.61861	1699719
Soweto	-26.26781	27.85849	1695047
Vienna	48.20849	16.37208	1691468
Rabat	34.01325	-6.83255	1655753
Guadalajara	20.66682	-103.39182	1640589
Barcelona	41.38879	2.15899	1621537
Pretoria	-25.74486	28.18783	1619438
Aleppo	36.20124	37.16117	1602264
Patna	25.60222	85.11936	1599920
Bhopal	23.25469	77.40289	1599914
Manaus	-3.10194	-60.025	1598210
Xinyang	32.12278	114.06556	1590668
Puebla	19.04334	-98.20193	1590256
Kaduna	10.52641	7.43879	1582102
Phnom Penh	11.56245	104.91601	1573544
Damascus	33.5102	36.29128	1569394
Isfahan	32.65246	51.67462	1547164
Ludhiana	30.90015	75.85229	1545368
Harare	-17.82772	31.05337	1542813
Kobe	34.6913	135.183	1528478
Philadelphia	39.95233	-75.16379	1526006
Bekasi	-6.2349	106.9896	1520119
Kaohsiung	22.61626	120.31333	1519711
Ciudad Juárez	31.73333	-106.48333	1512354
Manhattan	40.78343	-73.96625	1487536
Asunción	-25.30066	-57.63591	1482200
Recife	-8.05389	-34.88111	1478098
Daejeon	36.32139	127.41972	1475221
Kumasi	6.68848	-1.62443	1468609
Kota Bharu	6.13328	102.2386	1459994
Kyoto	35.02107	135.75385	1459640
Kuala Lumpur	3.1412	101.68653	1453975
Karaj	35.83266	50.99155	1448075
Phoenix	33.44838	-112.07404	1445632
Kathmandu	27.70169	85.3206	1442271
Palembang	-2.91673	104.7458	1441500
Multan	30.19556	71.47528	1437230
Hanoi	21.0245	105.84117	1431270
Kharkiv	49.98081	36.25272	1430885
Agra	27.18333	78.01667	1430055
Córdoba	-31.4135	-64.18105	1428214
Tabriz	38.08	46.2919	1424641
Novosibirsk	55.0415	82.9346	1419007
Gwangju	35.15472	126.91556	1416938
Bursa	40.19266	29.08403	1412701
Vadodara	22.29941	73.20812	1409476
Belém	-1.45583	-48.50444	1407737
Fushun	41.85583	123.92333	1400646
Quito	-0.22985	-78.52495	1399814
Fukuoka-shi	33.60639	130.41806	1392289
Antananarivo	-18.91368	47.53613	1391433
Luoyang	34.68361	112.45361	1390581
Hyderabad	25.39242	68.37366	1386330
The Bronx	40.84985	-73.86641	1385108
Valencia	10.16202	-68.00765	1385083
Gujranwala	32.16167	74.18831	1384471
Barranquilla	10.96854	-74.78132	1380425
Guankou	28.15861	113.62709	1380000
Tijuana	32.5027	-117.00371	1376457
Lubumbashi	-11.66089	27.47938	1373770
Porto Alegre	-30.03306	-51.23	1372741
Tangerang	-6.17806	106.63	1372124
Santa Cruz de la Sierra	-17.78629	-63.18117	1364389
Handan	36.60056	114.46778	1358318
Kampala	0.31628	32.58219	1353189
Yekaterinburg	56.8519	60.6122	1349772
Khulna	22.80979	89.56439	1342339
Douala	4.04827	9.70428	1338082
San Antonio	29.42412	-98.49363	1327407
Gorakhpur	29.44768	75.67206	1324570
Mecca	21.42664	39.82563	1323624
Makassar	-5.14	119.4221	1321717
San Diego	32.71533	-117.15726	1307402
Kawasaki	35.52056	139.71722	1306785
South Tangerang	-6.28862	106.71789	1303569
Baotou	40.65222	109.82222	1301768
Medina	24.46861	39.61417	1300000
Yaoundé	3.86667	11.51667	1299369
Bamako	12.65	-8	1297281
Nashik	19.99727	73.79096	1289497
Semarang	-6.9932	110.4203	1288084
Brazzaville	-4.26613	15.28318	1284609
Pimpri	18.62292	73.80696	1284606
Nizhniy Novgorod	56.32867	44.00205	1284164
Amman	31.95522	35.94503	1275857
Budta	7.20417	124.43972	1273715
Belgrade	44.80401	20.46513	1273651
Montevideo	-34.90328	-56.18816	1270737
Lusaka	-15.40669	28.28713	1267440
Kalyan	19.2437	73.13554	1262255
Thane	19.19704	72.96355	1261517
Munich	48.13743	11.57549	1260391
Stockholm	59.33258	18.0649	1253309
Ra’s Bayrut	33.9	35.48333	1251739
Shiraz	29.61031	52.53113	1249942
Adana	37.00167	35.32889	1248988
Suwon-si	37.29111	127.00889	1242724
Milano	45.46427	9.18951	1236837
Port-au-Prince	18.53917	-72.335	1234742
Ciudad Nezahualcoyotl	19.40061	-99.01483	1232220
Adelaide	-34.92866	138.59863	1225235
Meerut	28.97155	77.71934	1223184
Nowrangapur	19.23114	82.54826	1220946
Faridabad	28.41252	77.31977	1220229
Peshawar	34.008	71.57849	1218773
Davao	7.07306	125.61278	1212504
Mandalay	21.97473	96.08359	1208099
Omdurman	15.64453	32.47773	1200000
Santiago de los Caballeros	19.4517	-70.69703	1200000
Yueyang	29.37455	113.09481	1200000
Anshan	41.12361	122.99	1199275
Tongshan	34.18045	117.15707	1199193
Ghaziabad	28.66249	77.43777	1199191
Depok	-6.4	106.81861	1198129
Dallas	32.78306	-96.80667	1197816
Saitama	35.90807	139.65657	1193350
Gustavo A. Madero	19.49016	-99.10978	1193161
Dombivli	19.21667	73.08333	1193000
Maputo	-25.96553	32.58322	1191613
Gustavo A. Madero	22.8694	-98.75886	1185772
Fuzhou	26.06139	119.30611	1179720
Rajkot	22.29161	70.79322	1177362
Rosario	-32.94682	-60.63932	1173533
Guiyang	26.58333	106.71667	1171633
Goiânia	-16.67861	-49.25389	1171195
Guarulhos	-23.46278	-46.53333	1169577
Prague	50.08804	14.42076	1165581
Varanasi	25.31668	83.01041	1164404
Copenhagen	55.67594	12.56553	1153615
Sofia	42.69751	23.32415	1152556
Tripoli	32.87519	13.18746	1150989
Port Harcourt	4.77742	7.0134	1148665
Hiroshima-shi	34.39627	132.45937	1143841
Lijiang	26.86879	100.22072	1137600
Dubai	25.0657	55.17128	1137347
Samara	53.20007	50.15	1134730
Omsk	54.99244	73.36859	1129281
Benin City	6.33815	5.62575	1125058
Monterrey	25.67507	-100.31847	1122874
Malingao	7.16083	124.475	1121974
Baku	40.37767	49.89201	1116513
León	21.13052	-101.671	1114626
Maiduguri	11.84692	13.15712	1112449
Kazan	55.78874	49.12214	1104738
Yerevan	40.18111	44.51361	1093485
Amritsar	31.63661	74.87476	1092450
Ouagadougou	12.36566	-1.53388	1086505
Yono	35.88333	139.63333	1077730
Rostov-na-Donu	47.23135	39.72328	1074482
Allahabad	25.44894	81.83329	1073438
Goyang-si	37.65639	126.835	1073069
Gaziantep	37.05944	37.3825	1065975
Visakhapatnam	17.68009	83.20161	1063178
Sendai-shi	38.26889	140.87195	1063103
Sendai	38.25759	140.8667	1063103
Chelyabinsk	55.15402	61.42915	1062919
Datong	40.09361	113.29139	1052678
Tbilisi	41.69411	44.83368	1049498
Changshu City	31.64615	120.74221	1047700
Taichung	24.1469	120.6839	1040725
Teni	10.01531	77.482	1034724
Xianyang	34.33778	108.70261	1034081
Ufa	54.74306	55.96779	1033338
Dnipropetrovsk	48.45	34.98333	1032822
Seongnam-si	37.43861	127.13778	1031935
Campinas	-22.90556	-47.06083	1031554
Jabalpur	23.16697	79.95006	1030168
Haora	22.57688	88.31857	1027672
Huainan	32.62639	116.99694	1027655
Donetsk	48.023	37.80224	1024700
Dublin	53.33306	-6.24889	1024027
Calgary	51.05011	-114.08529	1019942
Brussels	50.85045	4.34878	1019022
Aurangabad	19.87757	75.34226	1016441
Volgograd	48.71939	44.50183	1011417
Nova Iguaçu	-22.75917	-43.45111	1002118
Jieyang	23.5418	116.36581	1001985
Odessa	46.47747	30.73262	1001558
Zhu Cheng City	35.99502	119.40259	1000000
Shivaji Nagar	18.53017	73.85263	1000000
Kitakyushu	33.83333	130.83333	997536
Solapur	17.67152	75.91044	997281
Baoding	38.85111	115.49028	995652
Guatemala City	14.64072	-90.51327	994938
Benxi	41.28861	123.765	987717
Zapopan	20.72356	-103.38479	987516
Birmingham	52.48142	-1.89983	984333
Perm	58.01046	56.25017	982419
Srinagar	34.08842	74.80298	975857
Zaria	11.11128	7.7227	975153
Managua	12.13282	-86.2504	973087
Port Elizabeth	-33.91799	25.57007	967677
Fès	34.03715	-4.9998	964891
Köln	50.93333	6.95	963395
Ulsan	35.53722	129.31667	962865
Chandigarh	30.73629	76.7884	960787
Coimbatore	11.00555	76.96612	959823
Napoli	40.85631	14.24641	959470
Maceió	-9.66583	-35.73528	954991
Cartagena	10.39972	-75.51444	952024
Changzhou	31.77359	119.95401	949018
Sultanah	24.49258	39.58572	946697
San Jose	37.33939	-121.89496	945942
Monrovia	6.30054	-10.7969	939524
Kingston	17.99702	-76.79358	937700
Erbil	36.19257	44.01062	932800
Krasnoyarsk	56.01839	92.86717	927200
Nay Pyi Taw	19.745	96.12972	925000
Jodhpur	26.26841	73.00594	921476
Chiba	35.60472	140.12333	919729
São Luís	-2.52972	-44.30278	917237
Madurai	9.91735	78.11962	909908
Sale	34.0531	-6.79846	903485
Huaibei	33.97444	116.79167	903039
Cochabamba	-17.3895	-66.1568	900414
Abobo	5.41613	-4.0159	900000
Abu Ghurayb	33.30563	44.18477	900000
Kaifeng	34.7986	114.30742	900000
Bishkek	42.87	74.59	900000
Qom	34.6401	50.8764	900000
Guwahati	26.1844	91.7458	899094
Aba	5.10658	7.36667	897560
Pingdingshan	33.73847	113.30119	889675
Gwalior	26.22983	78.17337	882458
Qiqihar	47.34088	123.96045	882364
Klang	3.03333	101.45	879867
Mendoza	-32.89084	-68.82717	876884
Konya	37.87135	32.48464	875530
Mbuji-Mayi	-6.13603	23.58979	874761
Vijayawada	16.51928	80.63049	874587
Pikine	14.76457	-17.39071	874062
Turin	45.07049	7.68682	870456
Mysore	12.29791	76.63925	868313
Wenzhou	27.99942	120.66682	865672
Saratov	51.54056	46.00861	863725
Tegucigalpa	14.0818	-87.20681	850848
Bucheon-si	37.49889	126.78306	850731
Voronezh	51.67204	39.1843	848752
Ranchi	23.34777	85.33856	846454
Naucalpan de Juárez	19.47851	-99.23963	846185
Ulaanbaatar	47.90771	106.88324	844818
Takeo	10.99081	104.78498	843931
Ahvaz	31.31901	48.6842	841145
Arequipa	-16.39889	-71.535	841130
Padang	-0.94924	100.35427	840352
Hubli	15.34776	75.13378	840214
Marrakesh	31.63416	-7.99994	839296
Kampung Baru Subang	3.15	101.53333	833571
Indianapolis	39.76838	-86.15804	829718
Jacksonville	30.33218	-81.65565	821784
Duque de Caxias	-22.78556	-43.31167	818329
Jos	9.92849	8.89212	816824
Valencia	39.46975	-0.37739	814208
Ilorin	8.49664	4.54214	814192
Callao	-12.05659	-77.11814	813264
La Paz	-16.5	-68.15	812799
Ottawa	45.41117	-75.69812	812129
Barquisimeto	10.07389	-69.32278	809490
Chihuahua	28.63528	-106.08889	809232
San Francisco	37.77493	-122.41942	805235
Nanning	22.81667	108.31667	803788
Freetown	8.484	-13.22994	802639
Johor Bahru	1.4655	103.7578	802489
Jerusalem	31.76904	35.21633	801000
Bandarlampung	-5.42544	105.25803	800348
Bogor	-6.59444	106.78917	800000
Zagreb - Centar	45.81313	15.97753	800000
Mombasa	-4.05466	39.66359	799668
Cebu City	10.31672	123.89071	798634
Muscat	23.61387	58.5922	797000
Zaporizhzhya	47.82289	35.19031	796217
Marseille	43.29695	5.38107	794811
Zarqa	32.07275	36.08796	792665
Çankaya	39.9179	32.86268	792189
Austin	30.26715	-97.74306	790390
Columbus	39.96118	-82.99879	787033
Boumerdas	36.76639	3.47717	786499
Jalandhar	31.32556	75.57917	785178
Thiruvananthapuram	8.4855	76.94924	784153
Sakai	34.58333	135.46667	782339
Anyang	36.09944	114.32889	781129
San Miguel de Tucumán	-26.82414	-65.2226	781023
Salem	11.65117	78.15867	778396
Tiruchirappalli	10.8155	78.69651	775484
Homs	34.72682	36.72339	775404
Hohhot	40.81056	111.65222	774477
Niamey	13.51366	2.1098	774235
Tainan	22.99083	120.21333	771235
Shangyu	30.01556	120.87111	770000
Lódz	51.75	19.46667	768755
Dammam	26.43442	50.10326	768602
Xining	36.62554	101.75739	767531
Kahriz	34.3838	47.0553	766706
Kota	25.18254	75.83907	763088
Natal	-5.795	-35.20944	763043
Bhubaneshwar	20.27241	85.83385	762243
Qinhuangdao	39.93167	119.58833	759718
Hengyang	26.88946	112.61888	759602
Antalya	36.90812	30.69556	758188
Kraków	50.06143	19.93658	755050
Aligarh	27.88334	78.07475	753207
Da Nang	16.06778	108.22083	752493
Pietermaritzburg	-29.61679	30.39278	750845
Lomé	6.13748	1.21227	749700
Trujillo	-8.11599	-79.02998	747450
Malang	-7.9797	112.6304	746716
Ciudad Guayana	8.35122	-62.64102	746535
Bareilly	28.34702	79.42193	745435
Kigali	-1.94995	30.05885	745261
Teresina	-5.08917	-42.80194	744512
Xinxiang	35.30889	113.86722	743601
São Bernardo do Campo	-23.69389	-46.565	743372
Hegang	47.35118	130.30012	743307
Riga	56.946	24.10589	742572
Amsterdam	52.37403	4.88969	741636
Fort Worth	32.72541	-97.32085	741206
Oyo	7.85257	3.93125	736072
Quetta	30.199	67.00971	733675
Charlotte	35.22709	-80.84313	731424
Campo Grande	-20.44278	-54.64639	729151
Ashgabat	37.95	58.38333	727700
Álvaro Obregón	19.35867	-99.20329	727034
Muzaffarabad	34.37002	73.47082	725000
Guadalupe	25.67678	-100.25646	724921
Bagcilar	41.03903	28.85671	724270
As Sulaymaniyah	35.56496	45.4329	723170
Cúcuta	7.89391	-72.50782	721398
Moradabad	28.83893	78.77684	721139
N'Djamena	12.10672	15.0444	721081
Langfang	39.50972	116.69472	720119
Zhumadian	32.97944	114.02944	720000
Yantai	37.47649	121.44081	719332
L'viv	49.83826	24.02324	717803
Mérida	20.97537	-89.61696	717175
Tlalnepantla	19.54005	-99.19538	715767
Detroit	42.33143	-83.04575	713777
Edmonton	53.55014	-113.46871	712391
Jeonju	35.82194	127.14889	711424
Zhuzhou	27.83333	113.15	709358
Subang Jaya	3.04384	101.58062	708296
Bhiwandi	19.30023	73.05881	707035
Pekanbaru	0.53333	101.45	703956
Sevilla	37.38283	-5.97317	703206
Tol’yatti	53.5303	49.3461	702879
Jaboatão	-8.18028	-35.00139	702621
Shizuoka-shi	34.97695	138.38306	701561
Santo Domingo Oeste	18.5	-70	701269
Rajshahi	24.374	88.60114	700133
City of Balikpapan	-1.24204	116.89419	700000
Changzhi	35.20889	111.73861	699514
Bulawayo	-20.15	28.58333	699385
Zagreb	45.81444	15.97798	698966
Agadir	30.42018	-9.59815	698310
Sarajevo	43.84864	18.35644	696731
La Plata	-34.92145	-57.95453	694167
Tunis	36.81897	10.16579	693210
Zhangjiakou	40.81	114.87944	692602
Cotonou	6.36536	2.41833	690584
Zigong	29.34162	104.77689	689961
Fuxin	42.01556	121.65889	689050
Enugu	6.44258	7.5022	688862
Tangier	35.76727	-5.79975	688356
Huangshi	30.24706	115.04814	688090
Liaoyang	41.27194	123.17306	687890
Kumamoto	32.80589	130.69181	680423
Raipur	21.23333	81.63333	679995
General Santos	6.11278	125.17167	679588
Dushanbe	38.53575	68.77905	679400
Osasco	-23.5325	-46.79167	677856
San Luis Potosí	22.14982	-100.97916	677704
Matola	-25.96222	32.45889	675422
Culiacán	24.79032	-107.38782	675000
Zaragoza	41.65606	-0.87734	674317
Gorakhpur	26.75479	83.37235	674246
Xiangtan	27.85	112.9	674189
Ipoh	4.5841	101.0829	673318
Mississauga	43.5789	-79.6583	668549
Puyang Chengguanzhen	35.70506	115.01409	666322
Nantong	32.03028	120.87472	666251
Mudanjiang	44.58333	129.6	665915
Athens	37.97945	23.71622	664046
Santo André	-23.66389	-46.53833	662373
Nouakchott	18.08581	-15.9785	661400
Pointe-Noire	-4.77609	11.86352	659084
Aguascalientes	21.88234	-102.28259	658179
Kryvyi Rih	47.90966	33.38044	652380
Acapulco de Juárez	16.86336	-99.8901	652136
João Pessoa	-7.115	-34.86306	650883
Ansan-si	37.32361	126.82194	650728
Benghazi	32.11486	20.06859	650629
Frankfurt am Main	50.11552	8.68417	650000
Krasnodar	45.04484	38.97603	649851
Guilin	25.28194	110.28639	649352
El Paso	31.75872	-106.48693	649121
Palermo	38.13205	13.33561	648260
Colombo	6.93194	79.84778	648034
Memphis	35.14953	-90.04898	646889
Lilongwe	-13.96692	33.78725	646750
Oran	35.69111	-0.64167	645984
Diyarbakir	37.91363	40.21721	644763
Taguig	14.5243	121.0792	644473
New South Memphis	35.08676	-90.05676	641608
Ulyanovsk	54.32824	48.38657	640680
Kotli	33.51667	73.91667	640000
Okayama-shi	34.66167	133.935	639652
Zhanjiang	21.28145	110.34271	637790
Al A?madi	29.07694	48.08389	637411
Yogyakarta	-7.78278	110.36083	636660
North York	43.76681	-79.4163	636000
Chisinau	47.00556	28.8575	635994
Wroclaw	51.1	17.03333	634893
Cheongju-si	36.63722	127.48972	634596
Anyang-si	37.3925	126.92694	634367
Tébessa	35.40417	8.12417	634332
Zhenjiang	32.21086	119.45508	632552
Winnipeg	49.8844	-97.14704	632063
Dandong	40.12917	124.39472	631973
Izhevsk	56.84976	53.20448	631038
Jaboatão dos Guararapes	-8.11278	-35.01472	630008
Shaoguan	24.8	113.58333	628749
Yancheng	33.3575	120.1573	628441
Coyoacán	19.3467	-99.16174	628063
Contagem	-19.93167	-44.05361	627123
Santiago de Querétaro	20.58806	-100.38806	626495
Bhilai	21.21667	81.43333	625138
Panshan	41.18806	122.04944	625040
Djibouti	11.58901	43.14503	623891
Saltillo	25.42321	-101.0053	621250
Kermanshah	34.31417	47.065	621100
Baltimore	39.29038	-76.61219	620961
Ribeirão Preto	-21.1775	-47.81028	619746
Al ?udaydah	14.79781	42.95452	617871
Boston	42.35843	-71.05977	617594
Pasig City	14.58691	121.0614	617301
Jamshedpur	22.80278	86.18545	616338
Haikou	20.04583	110.34167	615835
Ta‘izz	13.57952	44.02091	615222
São José dos Campos	-23.17944	-45.88694	613764
Taizhou	32.49069	119.90812	612356
Xingtai	37.06306	114.49417	611739
Glasgow	55.86515	-4.25763	610268
Borivli	19.23496	72.85976	609617
Seattle	47.60621	-122.33207	608660
Tlalpan	19.29707	-99.16787	607545
Yaroslavl	57.62987	39.87368	606730
Benoni	-26.18848	28.32078	605344
Hamamatsu	34.7	137.73333	605098
Cochin	9.93988	76.26022	604696
Jinzhou	41.10778	121.14167	604269
Amravati	20.93333	77.75	603837
Abu Dhabi	24.46667	54.36667	603492
Haiphong	20.86481	106.68345	602695
Washington, D.C.	38.89511	-77.03637	601723
Islamabad	33.72148	73.04329	601600
Kirkuk	35.46806	44.39222	601433
Sangli	16.85438	74.56417	601214
Denver	39.73915	-104.9847	600158
Shuangyashan	46.63611	131.15389	600000
Situbondo	-7.70623	114.00976	600000
Scarborough	43.77223	-79.25666	600000
Barnaul	53.36056	83.76361	599579
Rotterdam	51.9225	4.47917	598199
Luancheng	37.87917	114.65167	597130
Mexicali	32.62781	-115.45446	597099
Hermosillo	29.1026	-110.97732	595811
Milwaukee	43.0389	-87.90647	594833
Rasht	37.28077	49.58319	594590
Abeokuta	7.15571	3.34509	593100
Essen	51.45657	7.01228	593085
Kayseri	38.73222	35.48528	592840
Morelia	19.70078	-101.18443	592797
Gold Coast	-28.00029	153.43088	591473
Yingkou	40.66482	122.22833	591159
Abuja	9.05785	7.49508	590400
Zhangzhou	24.51333	117.65556	589831
Stuttgart	48.78232	9.17702	589793
Dortmund	51.51494	7.466	588462
Vladivostok	43.10562	131.87353	587022
Irkutsk	52.29778	104.29639	586695
Blantyre	-15.78499	35.00854	584877
New Kingston	18.00747	-76.78319	583958
Portland	45.52345	-122.67621	583776
Las Vegas	36.17497	-115.13722	583756
Üsküdar	41.02252	29.02369	582666
Genoa	44.4264	8.91519	580223
Oslo	59.91273	10.74609	580000
Cuttack	20.46497	85.87927	580000
Oklahoma City	35.46756	-97.51643	579999
Hachioji	35.65583	139.32389	579399
Khabarovsk	48.48271	135.08379	579000
Khabarovsk Vtoroy	48.43776	135.13329	578303
Libreville	0.39241	9.45356	578156
Kerman	30.28321	57.07879	577514
Chiclayo	-6.77137	-79.84088	577375
Orumiyeh	37.55274	45.07605	577307
Bahçelievler	41.00231	28.8598	576799
Bengbu	32.94083	117.36083	576648
Bikaner	28.02094	73.30749	576015
Umraniye	41.01643	29.12476	573265
Düsseldorf	51.22172	6.77616	573057
Banjarmasin	-3.31987	114.59075	572837
Shihezi	44.3023	86.03694	572772
Bucaramanga	7.12539	-73.1198	571820
South Boston	42.33343	-71.04949	571281
Kuching	1.55	110.33333	570407
Poznan	52.40692	16.92993	570352
Veracruz	19.18095	-96.1429	568313
Málaga	36.72016	-4.42034	568305
Bouaké	7.69385	-5.03031	567481
Asmara	15.33805	38.93184	563930
Sokoto	13.06269	5.24322	563861
Uberlândia	-18.91861	-48.27722	563536
Onitsha	6.14543	6.78845	561066
Funabashi	35.69306	139.98333	560743
Hamhung	39.91833	127.53639	559056
Sorocaba	-23.50167	-47.45806	558862
Helsinki	60.16952	24.93545	558457
Warangal	18	79.58333	557802
Santiago de Cuba	20.02472	-75.82194	555865
Siping	43.16143	124.37785	555609
Kagoshima-shi	31.56019	130.55814	555352
Surakarta	-7.55611	110.83167	555308
Huai'an	33.58861	119.01917	555230
Bhavnagar	21.77445	72.1525	554978
Mar del Plata	-38.00228	-57.55754	553935
Bahawalpur	29.4	71.68333	552607
Zahedan	29.4963	60.8629	551980
Aden	12.77944	45.03667	550602
Nanded	19.16023	77.31497	550564
Orenburg	51.7727	55.0988	550204
Pristina	42.67272	21.16688	550000
Changwon	35.22806	128.68111	550000
Jiamusi	46.79927	130.31633	549549
Antipolo	14.62578	121.12251	549543
Neijiang	29.58354	105.06216	546854
Bremen	53.07516	8.80777	546501
Albuquerque	35.08449	-106.65114	545852
Meknès	33.89352	-5.54727	545705
Sharjah	25.33737	55.41206	543733
Banqiao	25.01427	121.46719	543342
Sargodha	32.08361	72.67111	542603
Bangui	4.36122	18.55496	542393
Vilnius	54.68916	25.2798	542366
Cancún	21.17429	-86.84656	542043
Yangzhou	32.39722	119.43583	539715
Novokuznetsk	53.7557	87.1099	539616
Kisangani	0.51528	25.19099	539158
Port Said	31.25654	32.28411	538378
Mercin	36.79526	34.61792	537842
Warri	5.51667	5.75	536023
Guli	28.88162	120.03308	536000
Ebute Ikorodu	6.60086	3.48818	535619
Tanggu	39.02111	117.64694	535298
Jiangmen	22.58333	113.08333	532419
Nashville	36.16589	-86.78444	530852
Ta’if	21.27028	40.41583	530848
Beira	-19.84361	34.83889	530604
Guntur	16.29974	80.45729	530577
Touba	14.85	-15.88333	529176
Québec	46.81228	-71.21454	528595
Hamadan	34.79922	48.51456	528256
Cangzhou	38.31667	116.86667	527681
San Salvador	13.68935	-89.18718	525990
Santa María Chimalhuacán	19.42155	-98.95038	525389
Torreon	25.54389	-103.41898	524066
Dehradun	30.32443	78.03392	522081
Cuiabá	-15.59611	-56.09667	521934
Cuauhtémoc	19.44506	-99.14612	521348
Ciudad López Mateos	19.58547	-99.26035	521034
Petaling Jaya	3.10726	101.60671	520698
Macau	22.20056	113.54611	520400
Bhayandar	19.30157	72.85107	520301
Esenler	41.0435	28.87619	520235
Ryazan’	54.6269	39.6916	520173
Tucson	32.22174	-110.92648	520116
Hamilton	43.25011	-79.84963	519949
Tyumen	57.15222	65.52722	519119
Durgapur	23.49957	87.32155	518872
Quilmes	-34.72418	-58.25265	518788
Ajmer	26.44976	74.64116	517911
Lisbon	38.71667	-9.13333	517802
Changde	29.04638	111.6783	517780
Jiaozuo	35.23972	113.23306	517540
Ulhasnagar	19.21667	73.15	516584
Kolhapur	16.69563	74.23167	516142
Lipetsk	52.60311	39.57076	515655
Shiliguri	26.71004	88.42851	515574
Hannover	52.37052	9.73322	515140
Eskisehir	39.77667	30.52056	514869
Azadshahr	34.79049	48.57011	514102
Salta	-24.7859	-65.41166	512686
Penza	53.20066	45.00464	512602
Tembisa	-25.99636	28.2268	511655
Bilimora	20.76957	72.96134	510879
Mykolayiv	46.96591	31.9974	510840
Aparecida de Goiânia	-16.82333	-49.24389	510770
Puente Alto	-33.61169	-70.57577	510417
Makati City	14.55027	121.03269	510383
Naberezhnyye Chelny	55.72545	52.41122	509870
Wuhu	31.33728	118.37351	507524
Toluca	19.28786	-99.65324	505881
Niigata-shi	37.90222	139.02361	505272
Karol Bagh	28.65156	77.18859	505241
Leipzig	51.33962	12.37129	504971
Kalininskiy	59.99675	30.3899	504641
Duisburg	51.43247	6.76516	504358
Asansol	23.68333	86.98333	504271
Göteborg	57.70716	11.96679	504084
Arak	34.09174	49.68916	503647
Astrakhan’	46.34968	48.04076	502533
Zhuhai	22.27694	113.56778	501199
Pohang	36.03222	129.365	500000
Nürnberg	49.45421	11.07752	499237
Shashi	30.30722	112.24472	498780
Reynosa	26.07681	-98.29748	498654
Makhachkala	42.97638	47.50236	497959
Fresno	36.74773	-119.77237	494665
Cimahi	-6.87222	107.5425	493698
Tlaquepaque	20.64091	-103.29327	493646
Wuwei	37.92672	102.63202	493092
Jamnagar	22.47292	70.06673	492056
Aracaju	-10.91111	-37.07167	490175
Port Sudan	19.61745	37.21644	489725
Santa Fe de la Vera Cruz	-31.63333	-60.7	489505
San Pedro Sula	15.50417	-88.025	489466
Suez	29.97371	32.52627	488125
Dresden	51.05089	13.73832	486854
Tomsk	56.49771	84.97437	485519
Masina	-4.38361	15.39139	485167
Saharanpur	29.9679	77.54522	484873
Gulbarga	17.33763	76.83787	483615
Bhatpara	22.86643	88.40113	483129
An Najaf	32.02594	44.34625	482576
Feira de Santana	-12.26667	-38.96667	481911
Shah Alam	3.08507	101.53281	481654
Mariupol	47.09514	37.54131	481626
Himeji	34.81667	134.7	481493
Tuxtla Gutiérrez	16.75973	-93.11308	481128
Gomel	52.4345	30.9754	480951
Uijeongbu-si	37.7415	127.0474	479141
East London	-33.01529	27.91162	478676
Yazd	31.89722	54.3675	477905
Hargeysa	9.56	44.065	477876
Sialkot	32.49268	74.53134	477396
Kemerovo	55.33333	86.08333	477090
Yichang	30.71444	111.28472	476725
Hwaseong-si	37.20682	126.8169	476297
Cuautitlán Izcalli	19.64388	-99.21598	475179
Yinchuan	38.46806	106.27306	475101
Skopje	41.99646	21.43141	474889
Vereeniging	-26.67313	27.92615	474681
The Hague	52.07667	4.29861	474292
Mixco	14.63333	-90.60639	473080
Lyon	45.74846	4.84671	472317
Londrina	-23.31028	-51.16278	471832
Jiaojiang	28.68028	121.44278	470804
Matsudo	35.78333	139.9	470277
Juiz de Fora	-21.76417	-43.35028	470193
Liverpool	53.41058	-2.97794	468945
Nishinomiya-hama	34.71562	135.33199	468925
Tula	54.19609	37.61822	468825
Staten Island	40.56233	-74.13986	468730
Kawaguchi	35.80521	139.71072	468565
Sacramento	38.58157	-121.4944	466488
Zunyi	27.68667	106.90722	466292
Jiaxing	30.7522	120.75	466101
Belford Roxo	-22.76417	-43.39944	466096
Jammu	32.73569	74.86911	465567
Liaoyuan	42.90361	125.13583	465249
Kananga	-5.89624	22.41659	463546
Bloemfontein	-29.12107	26.214	463064
Xiangyang	32.0422	112.14479	462956
Long Beach	33.76696	-118.18923	462257
Gdansk	54.35205	18.64637	461865
Calabar	4.9517	8.322	461796
Dadukou	26.5479	101.70539	461513
Joinville	-26.30444	-48.84556	461304
?amah	35.13179	36.75783	460602
Antwerpen	51.21989	4.40346	459805
Kansas City	39.09973	-94.57857	459787
Kanazawa-shi	36.59445	136.62556	458937
Karabaglar	38.37396	27.1352	458000
Zamboanga	6.91028	122.07389	457623
Kirov	58.59665	49.66007	457383
Ujjain	23.18239	75.77643	457346
Kota Kinabalu	5.9749	116.0724	457326
Victoria de Durango	24.02032	-104.65756	457140
Niterói	-22.88333	-43.10361	456456
Hengshui	37.73222	115.70111	456356
Tabuk	28.3998	36.57151	455450
Pontianak	-0.03109	109.32199	455173
Leeds	53.79648	-1.54785	455123
Namp’o	38.7375	125.40778	455000
Bacolod City	10.66667	122.95	454898
São João de Meriti	-22.80389	-43.37222	454849
Mansilingan	10.63111	122.97889	454150
Ramgundam	18.80084	79.45206	452261
Luhansk	48.56705	39.31706	452000
Manado	1.48218	124.84892	451893
Karagandy	49.83333	73.1658	451800
Jining	35.405	116.58139	450327
Constantine	36.365	6.61472	450097
Wenshan City	23.36306	104.25047	450000
Utsunomiya-shi	36.56583	139.88361	449865
Heroica Matamoros	25.87972	-97.50417	449815
Sanliurfa	37.16708	38.79392	449549
Chengde	40.9725	117.93611	449325
Xuchang	34.01667	113.81667	449258
Oita	33.23806	131.6125	448907
Venustiano Carranza	19.44286	-99.09724	447459
San Juan	-31.5375	-68.53639	447048
Sheffield	53.38297	-1.4659	447047
Cheboksary	56.13222	47.25194	446781
Boksburg	-26.21197	28.25958	445168
Cagayan de Oro	8.48222	124.64722	445103
Matsuyama	33.83916	132.76574	443322
San Nicolás de los Garza	25.74167	-100.30222	443273
Amagasaki	34.71667	135.41667	442173
Carrefour	18.54114	-72.39922	442156
Shyamnagar	22.83333	88.36667	441956
Dasmariñas	14.32944	120.93667	441876
Malatya	38.35018	38.31667	441805
Nangi	22.50833	88.21528	440894
Pereira	4.81333	-75.69611	440118
Kozhikode	11.24802	75.7804	439922
Mesa	33.42227	-111.82264	439041
Mawlamyine	16.49051	97.62825	438861
Virginia Beach	36.85293	-75.97799	437994
Iquitos	-3.74912	-73.25383	437620
Kurashiki	34.58333	133.76667	437581
Sultangazi	41.10652	28.86847	436935
Garoua	9.30143	13.39771	436899
Murcia	37.98704	-1.13004	436870
Mwanza	-2.51667	32.9	436801
Uyo	5.05127	7.9335	436606
Bei’an	48.26667	126.6	436444
Tirunelveli	8.72518	77.68452	435844
Edinburgh	55.95206	-3.19648	435791
Kousséri	12.07689	15.03063	435547
Malegaon	20.5537	74.52881	435362
Kaliningrad	54.70649	20.51095	434954
Karbala	32.61603	44.02488	434450
Ananindeua	-1.36556	-48.37222	433956
Balikpapan	-1.26753	116.82887	433866
Brampton	43.68341	-79.76633	433806
Toulouse	43.60426	1.44367	433055
Namangan	40.9983	71.67257	432456
Katsina	12.99082	7.60177	432149
Welkom	-27.97742	26.73506	431944
Santa Marta	11.24079	-74.19904	431781
Al Ma?allah al Kubrá	30.97063	31.1669	431052
Bristol	51.45523	-2.59665	430713
Jalgaon	21.01009	75.56843	429298
Yokosuka	35.28361	139.66722	428992
Akola	20.70957	76.9981	428857
Belgaum	15.85212	74.50447	428720
East Jerusalem	31.78336	35.23388	428304
Luqiao	28.58023	121.37491	427890
Bryansk	53.25209	34.37167	427236
Maltepe	40.93567	29.15507	427040
Azcapotzalco	19.48698	-99.18594	425298
Xalapa de Enríquez	19.53124	-96.91589	425148
Barcelona	10.13333	-64.7	424795
Chaozhou	23.65396	116.62262	424787
Ado-Ekiti	7.62329	5.22087	424340
Bratislava	48.14816	17.10674	423737
Gaya	24.79686	85.00385	423692
Udaipur	24.57117	73.69183	422784
Likasi	-10.98303	26.7384	422414
Luxor	25.69893	32.6421	422407
Ibagué	4.43889	-75.23222	421685
Shaoxing	30.00237	120.57864	421283
Ivanovo	56.99719	40.97139	420839
Erzurum	39.90861	41.27694	420691
Akure	7.25256	5.19312	420594
Asyut	27.18096	31.18368	420585
Jambi City	-1.6	103.61667	420323
Al Mansurah	31.03637	31.38069	420195
Atlanta	33.749	-84.38798	420003
Korba	22.3458	82.69633	419146
Bokaro	23.78732	85.95622	418533
San Juan	18.46633	-66.10572	418140
Kolwezi	-10.71484	25.46674	418000
Auckland	-36.86667	174.76667	417910
Sukkur	27.70516	68.85738	417767
Mangalore	12.91723	74.85603	417387
Luohe	33.57167	114.03528	417356
Colorado Springs	38.83388	-104.82136	416427
Shymkent	42.3	69.6	414032
Yangquan	37.8575	113.56333	413394
Magnitogorsk	53.41861	59.04722	413351
Jhansi	25.45446	78.58221	412927
Florianópolis	-27.59667	-48.54917	412724
Wandsbek	53.56667	10.1	411422
Santos	-23.96083	-46.33361	411403
Maturín	9.74569	-63.18323	410972
Ardabil	38.2498	48.2933	410753
Nagasaki-shi	32.74472	129.87361	410204
Chaoyang	41.57028	120.45861	410005
Gaza	31.5	34.46667	410000
Kursk	51.73733	36.18735	409431
Omaha	41.25861	-95.93779	408958
Al Ain	24.19167	55.76056	408733
Jeju-si	33.50972	126.52194	408364
Panamá	8.9936	-79.51973	408168
Shiyan	32.56667	110.78333	408055
Szczecin	53.42894	14.55302	407811
Biên Hòa	10.94469	106.82432	407208
Villa Nueva	14.52694	-90.5875	406830
Ribeirão das Neves	-19.76694	-44.08667	406802
Hirakata	34.81352	135.64914	406331
Denpasar	-8.65	115.21667	405923
Oujda	34.68053	-1.90764	405253
Tanda	30.78847	31.00192	404901
Newcastle	-27.75796	29.9318	404838
Xochimilco	19.25785	-99.10513	404458
Nellore	14.45363	79.98674	404158
Hsinchu	24.80361	120.96861	404109
Raleigh	35.7721	-78.63861	403892
Jixi	45.30109	130.95718	403759
Zanzibar	-6.16394	39.19793	403658
Taoyuan City	24.99368	121.29696	402014
Tonalá	20.62445	-103.23423	401509
Kassala	15.45099	36.39998	401477
Palma	39.56939	2.65024	401270
Kitwe	-12.80243	28.21323	400914
An Nasiriyah	31.05799	46.25726	400249
Tver	56.85836	35.90057	400212
West Jerusalem	31.78199	35.21961	400000
Machida	35.54028	139.45083	399969
Yangjiang	21.85563	111.96272	399735
Miami	25.77427	-80.19366	399457
Khmel’nyts’kyy	49.42161	26.99653	398346
Gifu-shi	35.42291	136.76039	397714
Tiruppur	11.11541	77.35456	397521
Keelung	25.12825	121.7419	397515
Cleveland	41.4995	-81.69541	396815
Al Hoceïma	35.25165	-3.93723	395644
Manchester	53.48095	-2.23743	395515
Surrey	49.10635	-122.82509	394976
Vila Velha	-20.32972	-40.2925	394930
Weifang	36.71	119.10194	394732
Fujisawa	35.34194	139.47	394624
Ndola	-12.95867	28.63659	394518
Kollam	8.88113	76.58469	394163
Serra	-20.12861	-40.30778	394153
Samsun	41.28667	36.33	394050
Tallinn	59.43696	24.75353	394024
Bamenda	5.9597	10.14597	393835
El Obeid	13.18421	30.21669	393311
Bello	6.33732	-75.55795	392939
Xinpu	34.59972	119.15944	392444
Sandakan	5.8402	118.1179	392288
Tulsa	36.15398	-95.99277	391906
Buraydah	26.32599	43.97497	391336
Kandahar	31.61332	65.71013	391190
Oakland	37.80437	-122.2708	390724
Diadema	-23.68611	-46.62278	390633
Comilla	23.46186	91.18503	389411
Samut Prakan	13.59934	100.59675	388920
Nampula	-15.11646	39.2666	388526
Bissau	11.86357	-15.59767	388028
Iloilo	10.69694	122.56444	387681
Khamis Mushait	18.3	42.73333	387553
Campos	-21.75227	-41.33044	387417
Resistencia	-27.46056	-58.98389	387158
Misratah	32.37535	15.09254	386120
Mauá	-23.66778	-46.46139	386069
Abomey-Calavi	6.44852	2.35566	385755
Bochum	51.48165	7.21648	385729
Toyonaka	34.78244	135.46932	384459
Iztacalco	19.39528	-99.09778	384326
Betim	-19.96778	-44.19833	384000
Fukuyama	34.48333	133.36667	383298
N’dalatando	-9.29782	14.91162	383100
Delmas 73	18.54472	-72.30278	382920
Minneapolis	44.97997	-93.26384	382578
Wichita	37.69224	-97.33754	382368
Pasto	1.21361	-77.28111	382236
Batman	37.88738	41.13221	381990
Wellington	-41.28664	174.77557	381900
Las Palmas de Gran Canaria	28.09973	-15.41343	381847
Caxias do Sul	-29.16806	-51.17944	381270
Nizhniy Tagil	57.91944	59.965	381116
Bochum-Hordel	51.50168	7.1756	380000
Dezhou	37.45127	116.31046	379555
Sevastopol	44.58883	33.5224	379200
Krugersdorp	-26.08577	27.77515	378821
Panihati	22.69089	88.37404	378705
Toyohashi	34.76667	137.38333	378374
Zhoukou	33.63333	114.63333	377061
Laval	45.56995	-73.692	376845
Huancayo	-12.06513	-75.20486	376657
Makiyivka	48.04782	37.92576	376610
Putian	25.43944	119.01028	376558
Kahramanmaras	37.5847	36.92641	376045
Minato	34.2152	135.1501	375339
Tirana	41.3275	19.81889	374801
São José do Rio Preto	-20.81972	-49.37944	374699
Kaunas	54.9	23.9	374643
Zhangjiakou Shi Xuanhua Qu	40.61028	115.04472	373422
Seremban	2.7297	101.9381	372917
Pingxiang	27.61672	113.85353	372123
Van	38.49457	43.38323	371713
Honolulu	21.30694	-157.85833	371657
Abadan	30.3392	48.3043	370180
Puerto La Cruz	10.21667	-64.61667	370000
Fenghuang	27.93557	109.59961	370000
Brno	49.19522	16.60796	369559
Mahilyow	53.9168	30.3449	369200
Canberra	-35.28346	149.12807	367752
Nara-shi	34.68505	135.80485	367353
Ahmadnagar	19.09457	74.73843	367140
Dhule	20.90251	74.77735	366980
Olinda	-8.00889	-34.85528	366754
Kenitra	34.26101	-6.5802	366570
Bydgoszcz	53.1235	18.00762	366452
Kuantan	3.8077	103.326	366229
Bologna	44.49381	11.33875	366133
San Miguel Xico Viejo	19.27022	-98.93588	365777
Arlington	32.73569	-97.10807	365438
Cheonan	36.8065	127.1522	365114
Petare	10.47226	-66.80155	364684
Larkana	27.55508	68.21414	364033
Al Qadarif	14.03493	35.38344	363945
Christchurch	-43.53333	172.63333	363926
Stavropol’	45.0428	41.9734	363064
Villahermosa	17.98689	-92.93028	362401
Toyota	35.08333	137.15	362383
Manukau City	-36.99282	174.87986	362000
Zhaoqing	23.05116	112.45972	361969
Atasehir	40.9833	29.1167	361615
Bhagalpur	25.24446	86.97183	361548
Sheikhupura	31.71306	73.97833	361303
Carapicuíba	-23.52272	-46.835	361112
Wuppertal	51.27027	7.16755	360797
Tamale	9.40079	-0.8393	360579
Ulan-Ude	51.82721	107.60627	360278
Nagano-shi	36.65139	138.18111	360176
Bobo-Dioulasso	11.17715	-4.2979	360106
Lublin	51.25	22.56667	360044
Halifax	44.64533	-63.57239	359111
Anqing	30.51365	117.04723	358661
Taraz	42.9	71.36667	358153
Simferopol	44.95719	34.11079	358108
San Jose del Monte	14.81389	121.04528	357828
Manizales	5.06889	-75.51738	357814
Kwangmyong	37.47722	126.86639	357545
Zanjan	36.6736	48.4787	357471
Iwaki	37.05	140.88333	357309
Bacoor	14.45903	120.92903	356974
Asahikawa	43.77063	142.36489	356612
Kimhae	35.23417	128.88111	356242
Arkhangel’sk	64.5401	40.5433	356051
Ambon	-3.69543	128.18141	355596
Samarinda	-0.48585	117.1466	355160
Benito Juarez	19.3984	-99.15766	355017
Bilbao	43.26271	-2.92528	354860
Mazatlán	23.2329	-106.4062	354717
Santiago del Estero	-27.79511	-64.26149	354692
Takatsuki	34.84833	135.61678	354468
Thessaloníki	40.64361	22.93086	354290
Miguel Hidalgo	19.43471	-99.20091	353534
Barinas	8.62261	-70.20749	353442
Neiva	2.9273	-75.28189	352855
Okazaki	34.95	137.16667	352361
Bandar ‘Abbas	27.1865	56.2808	352173
Vinnytsya	49.23278	28.48097	352115
Apodaca	25.75976	-100.16287	352064
Anshun	26.25	105.93333	351936
Suita	34.76143	135.51567	351630
Ixtapaluca	19.31556	-98.88284	351001
Wakayama-shi	34.22611	135.1675	351000
Hualian	23.97694	121.60444	350468
Lapu-Lapu City	10.31028	123.94944	350467
Punasa	22.23544	76.39295	350000
Diepsloot	-25.93312	28.01213	350000
Muzaffarnagar	29.47394	77.70414	349706
Nuevo Laredo	27.47629	-99.51639	349550
Florence	43.77925	11.24626	349296
Sanandaj	35.31495	46.99883	349176
Latur	18.39721	76.56784	348967
Campina Grande	-7.23056	-35.88111	348936
Etobicoke	43.65421	-79.56711	347948
Camagüey	21.38083	-77.91694	347562
Bakersfield	35.37329	-119.01871	347483
London	42.98339	-81.23304	346765
Chifeng	42.26833	118.96361	346654
Hungnam	39.83167	127.61861	346082
Astana	51.1801	71.44598	345604
Belgorod	50.61074	36.58015	345289
Kosti	13.1629	32.66347	345068
Taihe	45.76195	130.85131	345033
Doha	25.27932	51.52245	344939
Turmero	10.22856	-67.47421	344700
Tlahuac	19.28348	-99.00317	344106
New Orleans	29.95465	-90.07507	343829
Cuernavaca	18.9261	-99.23075	343769
Kurgan	55.45	65.33333	343129
Rangpur	25.74664	89.25166	343122
Bhimbar	32.97568	74.07926	342900
Vitebsk	55.1904	30.2049	342700
Soledad	10.91843	-74.76459	342556
Shiqi	22.51682	113.38521	342306
Piracicaba	-22.72528	-47.64917	342209
Zürich	47.36667	8.55	341730
Kukatpalli	17.48486	78.41376	341709
Jhang Sadr	31.27154	72.32842	341210
Arusha	-3.36667	36.68333	341136
Ambattur	13.09818	80.16152	341049
Koriyama	37.4	140.38333	340560
Plovdiv	42.15	24.75	340494
Chitungwiza	-18.01274	31.07555	340360
Kashiwa	35.85444	139.96889	340221
Latakia	35.53168	35.79011	340181
Yingbazha	41.18418	80.27921	340020
Irapuato	20.67675	-101.35628	339554
Tokorozawa	35.79916	139.46903	339435
Leicester	52.6386	-1.13169	339239
Corrientes	-27.4806	-58.8341	339067
Kaluga	54.5293	36.27542	338978
Macapá	0.03889	-51.06639	338936
West Raleigh	35.78682	-78.66389	338759
Nice	43.70313	7.26608	338620
Kaesong	37.97083	126.55444	338155
Ciudad Bolívar	8.12923	-63.54086	338000
Kawagoe	35.90861	139.48528	337931
Tungi	23.89154	90.40232	337579
Krasnogvargeisky	59.97305	30.47607	337091
Bellary	15.14575	76.91751	336681
Itaquaquecetuba	-23.48611	-46.34833	336679
Anaheim	33.83529	-117.9145	336265
Tampa	27.94752	-82.45843	335709
Kochi-shi	33.55972	133.53111	335570
Bauru	-22.31472	-49.06056	335024
San José	9.93333	-84.08333	335007
Alicante	38.34517	-0.48149	334757
Takamatsu-shi	34.34028	134.04333	334223
Tieling	42.29306	123.84139	333907
Qazvin	36.26877	50.0041	333635
Muzaffarpur	26.12259	85.39055	333200
Kamarhati	22.67111	88.37472	332965
Wad Medani	14.40118	33.51989	332714
Jincheng	35.50222	112.83278	332650
Montes Claros	-16.735	-43.86167	332379
Bielefeld	52.03333	8.53333	331906
Bujumbura	-3.3822	29.3644	331700
Mandaue City	10.32361	123.92222	331320
Khorramshahr	30.44079	48.18428	330606
Mathura	27.50199	77.6833	330511
Khorramabad	33.48778	48.35583	329825
Soyapango	13.71024	-89.13989	329708
Patiala	30.32715	76.40266	329224
Wonsan	39.15278	127.44361	329207
Pavlodar	52.27401	77.00438	329002
Córdoba	37.89155	-4.77275	328428
Chandrapur	19.94711	79.29607	328351
Canoas	-29.91778	-51.18361	328291
Sochi	43.59917	39.72569	327608
Chongjin	41.79556	129.77583	327000
Yanji	42.9075	129.50778	326957
Bhilwara	25.34644	74.63523	326431
Tétouan	35.57845	-5.36837	326261
Akita Shi	39.71806	140.10333	325837
Mogi das Cruzes	-23.52278	-46.18833	325746
Toyama-shi	36.69528	137.21139	325532
Piura	-5.19449	-80.63282	325466
Trichur	10.51667	76.21667	325110
Aurora	39.72943	-104.83192	325078
Brahmapur	19.31151	84.7929	324726
Santa Ana	33.74557	-117.86783	324528
São Vicente	-23.96306	-46.39194	324457
Orël	52.96508	36.07849	324200
Suizhou	31.71111	113.36306	323945
Posadas	-27.36708	-55.89608	323739
Al ‘Amarah	31.83588	47.14399	323302
Volzhskiy	48.78583	44.77973	323293
Villavicencio	4.142	-73.62664	321717
Jundiaí	-23.18639	-46.88417	321589
San Miguelito	9.05032	-79.47068	321501
Smolensk	54.7818	32.0401	320991
Ciudad del Este	-25.50972	-54.61111	320782
Pelotas	-31.77194	-52.3425	320674
Kherson	46.65581	32.6178	320477
Shahjahanpur	27.88142	79.9109	320434
Akita	39.71667	140.11667	320069
Maroua	10.59095	14.31593	319941
Morón	-34.65344	-58.61975	319934
Anápolis	-16.32667	-48.95278	319587
Pachuca de Soto	20.11697	-98.73329	319581
Shimoga	13.93157	75.56791	319550
Samarqand	39.65417	66.95972	319366
St. Louis	38.62727	-90.19789	319294
Murmansk	68.97917	33.09251	319263
Islington	51.53622	-0.10304	319143
Holguín	20.88722	-76.26306	319102
Ust-Kamenogorsk	49.97143	82.60586	319067
Ad Diwaniyah	31.99289	44.92552	318801
Shangrao	28.45322	117.9686	318769
Mataram	-8.58333	116.11667	318674
Andijon	40.78206	72.34424	318419
Iasi	47.16667	27.6	318012
Valladolid	41.65518	-4.72372	317864
Poltava	49.59373	34.54073	317847
New Delhi	28.63576	77.22445	317797
Koshigaya	35.88333	139.78333	317437
Vladikavkaz	43.03667	44.66778	317370
Hrodna	53.6884	23.8258	317365
Katowice	50.25841	19.02754	317316
Rohtak	28.89447	76.58917	317245
Baicheng	45.60746	122.82076	316970
Chimbote	-9.08528	-78.57833	316966
Cluj-Napoca	46.76667	23.6	316748
Calamba	14.21167	121.16528	316612
Bauchi	10.31344	9.84327	316149
Cherepovets	59.13333	37.9	315738
Armenia	4.53389	-75.68111	315328
Al Kut	32.5128	45.81817	315162
Timisoara	45.75372	21.22571	315053
Vologda	59.2239	39.88398	314900
Sisli	41.06046	28.98717	314684
Soacha	4.57937	-74.21682	313945
Coacalco	19.63453	-99.1005	313405
Ganja	40.68278	46.36056	313300
Lianshan	40.76432	120.85327	313247
Denizli	37.77417	29.0875	313238
Ikeja	6.59651	3.34205	313196
Bonn	50.73438	7.09549	313125
Ostrava	49.83465	18.28204	313088
Varna	43.21667	27.91667	312770
Vitória	-20.31944	-40.33778	312656
Wusong	30.95	117.78333	312588
Iligan City	8.25	124.4	312323
Cusco	-13.52264	-71.96734	312140
Maringá	-23.42528	-51.93861	311724
Miyazaki-shi	31.91111	131.42389	311203
Percut	3.6253	98.864	311063
Pucallpa	-8.37915	-74.55387	310750
Jingdezhen	29.2947	117.20789	310565
Guarujá	-23.99306	-46.25639	310424
Sariwon	38.50722	125.75583	310100
Vladimir	56.13655	40.39658	310024
Antofagasta	-23.65236	-70.3954	309832
Botshabelo	-29.27016	26.7052	309714
Bengkulu	-3.80044	102.26554	309712
Butuan	8.94917	125.54361	309709
Tampico	22.27817	-97.86772	309003
Chita	52.03171	113.50087	308500
Coventry	52.40656	-1.51217	308313
Newcastle	-32.92715	151.77647	308308
Valledupar	10.46314	-73.25322	308237
General Escobedo	25.79516	-100.31461	308206
Biskra	34.85038	5.72805	307987
Mannheim	49.49671	8.47955	307960
Chernihiv	51.50551	31.28487	307684
Irbid	32.55556	35.85	307480
Tumkur	13.34149	77.101	307359
Chinju	35.19278	128.08472	307242
Tawau	4.24482	117.89115	306462
Shengli	37.46271	118.49165	306450
Firozabad	27.14941	78.4018	306409
Al Fayyum	29.30995	30.8418	306393
Porto Velho	-8.76194	-63.90389	306180
Celaya	20.52353	-100.8157	305901
San Salvador de Jujuy	-24.19457	-65.29712	305891
Pittsburgh	40.44062	-79.99589	305704
Brakpan	-26.23656	28.36938	305692
Mandaluyong City	14.5832	121.0409	305576
Nizamabad	18.67154	78.0988	305438
Kulti	23.73166	86.84372	305405
Corpus Christi	27.80058	-97.39638	305215
Franca	-20.53861	-47.40083	305041
Rajahmundry	17.00517	81.77784	304804
Craiova	44.31667	23.8	304142
Riverside	33.95335	-117.39616	303871
Constanta	44.18073	28.63432	303399
Saransk	54.1838	45.1749	303394
Mazar-e Sharif	36.70904	67.11087	303282
Hull	53.7446	-0.33525	302296
Cardiff	51.48	-3.18	302139
Barddhaman	23.25572	87.85691	301725
Gujrat	32.57284	74.07897	301506
Naha-shi	26.2125	127.68111	300795
Brest	52.09755	23.68775	300715
Mardan	34.20195	72.05254	300424
Surgut	61.25	73.41667	300367
George Town	5.41123	100.33543	300000
Kyzyl-Orda	44.8479	65.49989	300000
Malir Cantonment	24.9424	67.2066	300000
Juba	4.85165	31.58247	300000
Mandu	22.36667	75.38333	300000
Mérida	8.59524	-71.1434	300000
Yangshuo	24.78081	110.48967	300000
Kyzylorda	44.85278	65.50917	300000
Batikent	39.96833	32.73083	300000
Angeles City	15.15	120.58333	299391
Bradford	53.79391	-1.75206	299310
Santol	15.16222	120.5675	298976
Kasugai	35.24762	136.97229	298589
Jember	-8.17211	113.69953	298585
Aomori Shi	40.82444	140.74	298394
Otsu-shi	35.00444	135.86833	298164
Barasat	22.72154	88.48198	298127
Elazig	38.67431	39.22321	298004
Okanagan	50.36386	-119.34997	297601
Cherkasy	49.42854	32.06207	297568
Vigo	42.23282	-8.72264	297332
Tampico	22.25528	-97.86861	297284
Akashi	34.63333	134.98333	297279
Bali	22.64859	88.34115	296973
Cincinnati	39.162	-84.45689	296943
Hisar	29.15394	75.72294	296436
Rampur	28.80904	79.02895	296418
Yokkaichi	34.96667	136.61667	295841
Lexington-Fayette	38.0498	-84.45855	295803
Yeosu	34.76278	127.66528	295538
Morioka-shi	39.70361	141.1525	295172
Viña del Mar	-33.02457	-71.55183	294551
Sumy	50.9216	34.80029	294456
Fukushima-shi	37.75	140.46778	294237
Galati	45.45	28.05	294087
Blumenau	-26.91944	-49.06611	293949
Greater Noida	28.49615	77.53601	293908
Noida	28.58	77.33	293908
Foz do Iguaçu	-25.54778	-54.58806	293523
Al Hufuf	25.36457	49.56532	293179
Kakinada	16.96036	82.23809	292923
Panipat	29.39005	76.96949	292808
Semey	50.42675	80.26669	292780
Makurdi	7.7411	8.5121	292645
Wollongong	-34.424	150.89345	292190
Ponta Grossa	-25.095	-50.16194	292177
Minna	9.61524	6.54776	291905
Bialystok	53.13333	23.16433	291855
Anchorage	61.21806	-149.90028	291826
Stockton	37.9577	-121.29078	291707
Mbeya	-8.9	33.45	291649
Mueang Nonthaburi	13.86075	100.51477	291555
Gumi	36.1136	128.336	291006
Tambov	52.73169	41.44326	290933
Catania	37.49223	15.07041	290927
Al Mubarraz	25.41	49.58083	290802
Bafoussam	5.47775	10.41759	290768
Kasur	31.11556	74.44667	290643
Utrecht	52.09083	5.12222	290529
Xiuying	20.00073	110.29359	290000
Paulista	-7.94083	-34.87306	289971
Al ?illah	32.46367	44.41963	289709
Limeira	-22.56472	-47.40167	289665
Parbhani	19.26855	76.77081	289629
Victoria	48.43294	-123.3693	289625
Beihai	21.48333	109.1	289568
Huizhou	23.11147	114.41523	289201
Zeytinburnu	40.99441	28.90417	288743
Tsuen Wan	22.37066	114.10479	288728
Ironville	38.45647	-82.69238	288649
Meads	38.41258	-82.70905	288649
Sétif	36.19112	5.41373	288461
Safi	32.29939	-9.23718	288163
Sinuiju	40.10056	124.39806	288112
Hu?	16.4619	107.59546	287217
Toledo	41.66394	-83.55521	287208
Darbhanga	26.15216	85.89707	287150
Marienthal	53.56667	10.08333	287101
Adapazari	40.78056	30.40333	286787
Sultanbeyli	40.96072	29.27067	286622
Viamão	-30.08111	-51.02333	285269
Zagazig	30.58768	31.502	285097
Saint Paul	44.94441	-93.09327	285068
Kuala Terengganu	5.3302	103.1408	285065
Ismailia	30.60427	32.27225	284813
Alto Barinas	8.5931	-70.2261	284289
Dihok	36.86709	42.98845	284000
Karlsruhe	49.00937	8.40444	283799
Port Moresby	-9.44314	147.17972	283733
Ichihara	35.51667	140.08333	283531
Iksan	35.94389	126.95444	283501
Nha Trang	12.24507	109.19432	283441
Suzano	-23.5425	-46.31083	283314
Alwar	27.56246	76.625	283228
Cainta	14.5786	121.1222	283172
Pétionville	18.5125	-72.28528	283052
Maebashi-shi	36.39111	139.06083	282711
Bilaspur	22.07402	82.1566	282705
Logan City	-27.63917	153.10944	282673
Valparaíso	-33.03932	-71.62725	282448
Palu	-0.8917	119.8707	282431
